{
  "filename": "190806_3761_seg008.wav",
  "source_path": "/home/dhamarkin/Kin Analytics - Repos/hackathon-proposal/outputs/clips/190806_3761_seg008.wav",
  "duration_s": 30.0,
  "sample_rate": 48000,
  "rms": 0.00354857,
  "status": "analyzed",
  "cascade_flags": [
    "biological_audio",
    "humpback",
    "naturelm_bio",
    "biolingual_bio",
    "dasheng_complex"
  ],
  "cascade_summary": "biological_audio; humpback; naturelm_bio; biolingual_bio; dasheng_complex",
  "stage1_perch": {
    "top_classes": [],
    "bio_detections": [],
    "marine_detections": [],
    "has_bio_signal": true,
    "has_marine_signal": false,
    "bio_signal_score": 0.0592
  },
  "stage2_multispecies": {
    "detections": [],
    "num_windows": 6,
    "top_species": "Oo",
    "top_species_name": "Orcinus orca (Orca)",
    "top_max_score": 0.001172,
    "top_time_series": [
      0.00042186188511550426,
      0.00018278701463714242,
      0.00019795549451373518,
      1.2858150739702978e-06,
      0.00042170911910943687,
      0.0011724131181836128
    ],
    "any_whale_detected": false,
    "bio_signal_score": 0.0586
  },
  "stage3_humpback": {
    "max_score": 0.568106,
    "mean_score": 0.132558,
    "fraction_above_threshold": 0.1852,
    "num_windows": 27,
    "humpback_detected": true,
    "time_series": [
      0.08004234731197357,
      0.01943485252559185,
      0.06708051264286041,
      0.02221076935529709,
      0.01096859946846962,
      0.0957803800702095,
      0.012723134830594063,
      0.3396807909011841,
      0.5681062340736389,
      0.42443615198135376,
      0.2377462387084961,
      0.47187867760658264,
      0.04311181604862213,
      0.007463992107659578,
      0.005132070276886225,
      0.006417838856577873,
      0.1188528835773468,
      0.16818057000637054,
      0.058151405304670334,
      0.3574036955833435,
      0.02665143646299839,
      0.1390274614095688,
      0.010172759182751179,
      0.010883021168410778,
      0.16062775254249573,
      0.08806625753641129,
      0.028833463788032532
    ],
    "bio_signal_score": 0.6852
  },
  "stage4_naturelm": {
    "n_frames": 1496,
    "embedding_dim": 768,
    "norm_mean": 27.7127,
    "norm_std": 0.0,
    "magnitude_score": 0.0,
    "embedding_entropy": 6.3617,
    "entropy_score": 0.9575,
    "bio_signal_score": 0.5745
  },
  "stage5_biolingual": {
    "label_scores": {
      "dolphin clicks and whistles": 0.9093,
      "ocean ambient noise": 0.0497,
      "silence": 0.0254,
      "seal barking": 0.0093,
      "humpback whale song": 0.006,
      "shrimp snapping": 0.0004,
      "bird calls": 0.0,
      "boat engine noise": 0.0,
      "fish sounds": 0.0,
      "orca killer whale call": 0.0
    },
    "top_label": "dolphin clicks and whistles",
    "top_score": 0.9093,
    "bio_score_sum": 0.925,
    "top_is_bio": true,
    "bio_signal_score": 0.925
  },
  "stage6_dasheng": {
    "n_frames": 750,
    "temporal_variance": 11.5306,
    "half_cosine_similarity": 0.9835,
    "temporal_diversity_score": 0.0165,
    "bio_signal_score": 0.5825
  },
  "annotations": [
    "Humpback detected (max=0.5681, 19% of windows)",
    "Perch bio: ",
    "NatureLM: entropy=6.36, mag_var=0.00",
    "BioLingual: dolphin clicks and whistles (0.909)"
  ],
  "spectrogram": "190806_3761_seg008_cascade.png"
}