{
  "filename": "5783.040122170635_seg004.wav",
  "source_path": "/home/dhamarkin/Kin Analytics - Repos/hackathon-proposal/outputs/clips/5783.040122170635_seg004.wav",
  "duration_s": 30.0,
  "sample_rate": 144000,
  "rms": 0.07732114,
  "status": "analyzed",
  "cascade_flags": [
    "biological_audio",
    "whale_species",
    "humpback",
    "naturelm_bio",
    "dasheng_complex"
  ],
  "cascade_summary": "biological_audio; whale_species; humpback; naturelm_bio; dasheng_complex",
  "stage1_perch": {
    "top_classes": [],
    "bio_detections": [],
    "marine_detections": [],
    "has_bio_signal": true,
    "has_marine_signal": false,
    "bio_signal_score": 0.0334
  },
  "stage2_multispecies": {
    "detections": [
      {
        "class_code": "Mn",
        "species": "Megaptera novaeangliae (Humpback whale)",
        "max_score": 0.050143,
        "mean_score": 0.010716
      },
      {
        "class_code": "Oo",
        "species": "Orcinus orca (Orca)",
        "max_score": 0.014684,
        "mean_score": 0.00247
      }
    ],
    "num_windows": 6,
    "top_species": "Mn",
    "top_species_name": "Megaptera novaeangliae (Humpback whale)",
    "top_max_score": 0.050143,
    "top_time_series": [
      0.0,
      1.581757896929048e-05,
      0.0,
      0.014135252684354782,
      3.7505165134493857e-19,
      0.050143059343099594
    ],
    "any_whale_detected": true,
    "bio_signal_score": 0.8333
  },
  "stage3_humpback": {
    "max_score": 0.574054,
    "mean_score": 0.051401,
    "fraction_above_threshold": 0.037,
    "num_windows": 27,
    "humpback_detected": true,
    "time_series": [
      0.0053563788533210754,
      0.00392279913648963,
      0.5740540623664856,
      0.12079473584890366,
      0.03934330493211746,
      0.12111176550388336,
      0.02638944610953331,
      0.005021836142987013,
      0.007392821367830038,
      0.0004173175839241594,
      0.0005703369388356805,
      0.025244038552045822,
      0.002063371706753969,
      0.05349520593881607,
      0.03310995176434517,
      0.00794701837003231,
      0.05021018907427788,
      0.0013818626757711172,
      0.0910596251487732,
      0.1777787059545517,
      0.014344660565257072,
      0.002329061971977353,
      0.001040114788338542,
      0.003090693848207593,
      0.013429852202534676,
      0.001201834063977003,
      0.005723597016185522
    ],
    "bio_signal_score": 0.537
  },
  "stage4_naturelm": {
    "n_frames": 1496,
    "embedding_dim": 768,
    "norm_mean": 27.7127,
    "norm_std": 0.0,
    "magnitude_score": 0.0,
    "embedding_entropy": 6.3531,
    "entropy_score": 0.9562,
    "bio_signal_score": 0.5737
  },
  "stage5_biolingual": {
    "label_scores": {
      "silence": 0.998,
      "ocean ambient noise": 0.001,
      "shrimp snapping": 0.0008,
      "seal barking": 0.0002,
      "boat engine noise": 0.0,
      "bird calls": 0.0,
      "humpback whale song": 0.0,
      "dolphin clicks and whistles": 0.0,
      "fish sounds": 0.0,
      "orca killer whale call": 0.0
    },
    "top_label": "silence",
    "top_score": 0.998,
    "bio_score_sum": 0.001,
    "top_is_bio": false,
    "bio_signal_score": 0.001
  },
  "stage6_dasheng": {
    "n_frames": 750,
    "temporal_variance": 12.465,
    "half_cosine_similarity": 0.9474,
    "temporal_diversity_score": 0.0526,
    "bio_signal_score": 0.7631
  },
  "annotations": [
    "Whale: Megaptera novaeangliae (Humpback whale) (score=0.0501)",
    "Whale: Orcinus orca (Orca) (score=0.0147)",
    "Humpback detected (max=0.5741, 4% of windows)",
    "Perch bio: ",
    "NatureLM: entropy=6.35, mag_var=0.00"
  ],
  "spectrogram": "5783.040122170635_seg004_cascade.png"
}